{
    "name": "root",
    "gauges": {
        "SpaceRL.Policy.Entropy.mean": {
            "value": 1.4189385175704956,
            "min": 1.4189385175704956,
            "max": 1.4189385175704956,
            "count": 1
        },
        "SpaceRL.Policy.ExtrinsicValueEstimate.mean": {
            "value": -0.013598984107375145,
            "min": -0.013598984107375145,
            "max": -0.013598984107375145,
            "count": 1
        },
        "SpaceRL.IsTraining.mean": {
            "value": 1.0,
            "min": 1.0,
            "max": 1.0,
            "count": 1
        }
    },
    "metadata": {
        "timer_format_version": "0.1.0",
        "start_time_seconds": "1610012664",
        "python_version": "3.6.12 |Anaconda, Inc.| (default, Sep  9 2020, 00:29:25) [MSC v.1916 64 bit (AMD64)]",
        "command_line_arguments": "C:\\anaconda3\\envs\\SpaceRL\\Scripts\\mlagents-learn config/spaceRL_config.yaml --run-id=SpaceRL_06",
        "mlagents_version": "0.22.0",
        "mlagents_envs_version": "0.22.0",
        "communication_protocol_version": "1.2.0",
        "pytorch_version": "1.7.1",
        "numpy_version": "1.19.2",
        "end_time_seconds": "1610012669"
    },
    "total": 5.267148,
    "count": 1,
    "self": 0.07950009999999974,
    "children": {
        "run_training.setup": {
            "total": 0.007319,
            "count": 1,
            "self": 0.007319
        },
        "TrainerController.start_learning": {
            "total": 5.1803289,
            "count": 1,
            "self": 0.005891599999999109,
            "children": {
                "TrainerController._reset_env": {
                    "total": 4.1271372,
                    "count": 1,
                    "self": 4.1271372
                },
                "TrainerController.advance": {
                    "total": 0.9494850000000001,
                    "count": 3,
                    "self": 3.750000000035669e-05,
                    "children": {
                        "env_step": {
                            "total": 0.9494474999999998,
                            "count": 3,
                            "self": 0.37650449999999935,
                            "children": {
                                "SubprocessEnvManager._take_step": {
                                    "total": 0.5729150000000001,
                                    "count": 3,
                                    "self": 0.00016549999999959653,
                                    "children": {
                                        "TorchPolicy.evaluate": {
                                            "total": 0.5727495000000005,
                                            "count": 3,
                                            "self": 0.0016762000000003496,
                                            "children": {
                                                "TorchPolicy.sample_actions": {
                                                    "total": 0.5710733000000001,
                                                    "count": 3,
                                                    "self": 0.5710733000000001
                                                }
                                            }
                                        }
                                    }
                                },
                                "workers": {
                                    "total": 2.800000000036107e-05,
                                    "count": 3,
                                    "self": 0.0,
                                    "children": {
                                        "worker_root": {
                                            "total": 1.9297008999999998,
                                            "count": 3,
                                            "is_parallel": true,
                                            "self": 1.5550937999999999,
                                            "children": {
                                                "steps_from_proto": {
                                                    "total": 0.000383,
                                                    "count": 1,
                                                    "is_parallel": true,
                                                    "self": 6.47e-05,
                                                    "children": {
                                                        "_process_vector_observation": {
                                                            "total": 0.0003183,
                                                            "count": 2,
                                                            "is_parallel": true,
                                                            "self": 0.0003183
                                                        }
                                                    }
                                                },
                                                "UnityEnvironment.step": {
                                                    "total": 0.37422409999999995,
                                                    "count": 3,
                                                    "is_parallel": true,
                                                    "self": 0.0002431000000000516,
                                                    "children": {
                                                        "UnityEnvironment._generate_step_input": {
                                                            "total": 0.00013479999999987946,
                                                            "count": 3,
                                                            "is_parallel": true,
                                                            "self": 0.00013479999999987946
                                                        },
                                                        "communicator.exchange": {
                                                            "total": 0.37283109999999997,
                                                            "count": 3,
                                                            "is_parallel": true,
                                                            "self": 0.37283109999999997
                                                        },
                                                        "steps_from_proto": {
                                                            "total": 0.0010151000000000465,
                                                            "count": 3,
                                                            "is_parallel": true,
                                                            "self": 0.0001785999999999177,
                                                            "children": {
                                                                "_process_vector_observation": {
                                                                    "total": 0.0008365000000001288,
                                                                    "count": 6,
                                                                    "is_parallel": true,
                                                                    "self": 0.0008365000000001288
                                                                }
                                                            }
                                                        }
                                                    }
                                                }
                                            }
                                        }
                                    }
                                }
                            }
                        }
                    }
                },
                "trainer_threads": {
                    "total": 1.2500000000414957e-05,