{
    "name": "root",
    "gauges": {
        "SpaceRL.Policy.Entropy.mean": {
            "value": 1.4064308404922485,
            "min": 1.4064308404922485,
            "max": 1.4187252521514893,
            "count": 52
        },
        "SpaceRL.Policy.ExtrinsicValueEstimate.mean": {
            "value": -5.642824649810791,
            "min": -5.642824649810791,
            "max": -0.39139053225517273,
            "count": 52
        },
        "SpaceRL.Losses.PolicyLoss.mean": {
            "value": 0.036643503207111884,
            "min": 0.02437647886326886,
            "max": 0.041213171577449734,
            "count": 52
        },
        "SpaceRL.Losses.ValueLoss.mean": {
            "value": 0.07571105759901305,
            "min": 0.07047849874943495,
            "max": 0.2865326705699166,
            "count": 52
        },
        "SpaceRL.Policy.LearningRate.mean": {
            "value": 0.00014553965148680003,
            "min": 0.00014553965148680003,
            "max": 0.00029842440052519996,
            "count": 52
        },
        "SpaceRL.Policy.Epsilon.mean": {
            "value": 0.1485132,
            "min": 0.1485132,
            "max": 0.1994748,
            "count": 52
        },
        "SpaceRL.Policy.Beta.mean": {
            "value": 0.00024771468,
            "min": 0.00024771468,
            "max": 0.00049742652,
            "count": 52
        },
        "SpaceRL.Environment.EpisodeLength.mean": {
            "value": 4999.0,
            "min": 4999.0,
            "max": 4999.0,
            "count": 52
        },
        "SpaceRL.Environment.CumulativeReward.mean": {
            "value": -269.30900867283344,
            "min": -274.1135089099407,
            "max": -250.10301001369953,
            "count": 52
        },
        "SpaceRL.Policy.ExtrinsicReward.mean": {
            "value": -269.30900867283344,
            "min": -274.1135089099407,
            "max": -250.10301001369953,
            "count": 52
        },
        "SpaceRL.IsTraining.mean": {
            "value": 1.0,
            "min": 1.0,
            "max": 1.0,
            "count": 52
        }
    },
    "metadata": {
        "timer_format_version": "0.1.0",
        "start_time_seconds": "1609743576",
        "python_version": "3.6.12 |Anaconda, Inc.| (default, Sep  9 2020, 00:29:25) [MSC v.1916 64 bit (AMD64)]",
        "command_line_arguments": "C:\\anaconda3\\envs\\SpaceRL\\Scripts\\mlagents-learn config/spaceRL_config.yaml --run-id=SpaceRL_03",
        "mlagents_version": "0.22.0",
        "mlagents_envs_version": "0.22.0",
        "communication_protocol_version": "1.2.0",
        "pytorch_version": "1.7.1",
        "numpy_version": "1.19.2",
        "end_time_seconds": "1609752897"
    },
    "total": 9321.960038700001,
    "count": 1,
    "self": 0.11110680000092543,
    "children": {
        "run_training.setup": {
            "total": 0.0092081,
            "count": 1,
            "self": 0.0092081
        },
        "TrainerController.start_learning": {
            "total": 9321.8397238,
            "count": 1,
            "self": 10.340130299859084,
            "children": {
                "TrainerController._reset_env": {
                    "total": 4.9150748,
                    "count": 1,
                    "self": 4.9150748
                },
                "TrainerController.advance": {
                    "total": 9306.53211340014,
                    "count": 521798,
                    "self": 5.172989800319556,
                    "children": {
                        "env_step": {
                            "total": 9301.359123599821,
                            "count": 521798,
                            "self": 8358.228076099816,
                            "children": {
                                "SubprocessEnvManager._take_step": {
                                    "total": 938.135266200083,
                                    "count": 521798,
                                    "self": 22.626777499999434,
                                    "children": {
                                        "TorchPolicy.evaluate": {
                                            "total": 915.5084887000836,
                                            "count": 521798,
                                            "self": 278.33689899991793,
                                            "children": {
                                                "TorchPolicy.sample_actions": {
                                                    "total": 637.1715897001657,
                                                    "count": 521798,
                                                    "self": 637.1715897001657
                                                }
                                            }
                                        }
                                    }
                                },
                                "workers": {
                                    "total": 4.99578129992094,
                                    "count": 521797,
                                    "self": 0.0,
                                    "children": {
                                        "worker_root": {
                                            "total": 9307.611365099705,
                                            "count": 521797,
                                            "is_parallel": true,
                                            "self": 1275.1911766997828,
                                            "children": {
                                                "steps_from_proto": {
                                                    "total": 0.0002006,
                                                    "count": 1,
                                                    "is_parallel": true,
                                                    "self": 6.69e-05,
                                                    "children": {
                                                        "_process_vector_observation": {
                                                            "total": 0.0001337,
                                                            "count": 2,
                                                            "is_parallel": true,
                                                            "self": 0.0001337
                                                        }
                                                    }
                                                },
                                                "UnityEnvironment.step": {
                                                    "total": 8032.419987799922,
                                                    "count": 521797,
                                                    "is_parallel": true,
                                                    "self": 32.53109329947165,
                                                    "children": {
                                                        "UnityEnvironment._generate_step_input": {
                                                            "total": 20.639316900128456,
                                                            "count": 521797,
                                                            "is_parallel": true,
                                                            "self": 20.639316900128456
                                                        },
                                                        "communicator.exchange": {
                                                            "total": 7896.799323800246,
                                                            "count": 521797,
                                                            "is_parallel": true,
                                                            "self": 7896.799323800246
                                                        },