{"count":1,"self":3003.2441344,"total":3983.2381434999998,"children":{"InitializeActuators":{"count":1,"self":0.0009973,"total":0.0009973,"children":null},"InitializeSensors":{"count":1,"self":0.0009972,"total":0.0009972,"children":null},"AgentSendState":{"count":4890701,"self":14.643495999999999,"total":23.583782799999998,"children":{"CollectObservations":{"count":244536,"self":3.1716178,"total":3.1716178,"children":null},"CollectDiscreteActionMasks":{"count":244536,"self":0.32665459999999996,"total":0.32665459999999996,"children":null},"RequestDecision":{"count":244536,"self":2.0033322,"total":5.4420147,"children":{"AgentInfo.ToProto":{"count":244536,"self":1.3351853,"total":3.4386824999999996,"children":{"GenerateSensorData":{"count":244536,"self":2.1034972,"total":2.1034972,"children":null}}}}}}},"DecideAction":{"count":4890701,"self":925.519872,"total":925.519866,"children":null},"AgentAct":{"count":4890701,"self":30.876345599999997,"total":30.8873154,"children":{"AgentInfo.ToProto":{"count":489,"self":0.0079782999999999989,"total":0.0109707,"children":{"GenerateSensorData":{"count":489,"self":0.0029923999999999997,"total":0.0029923999999999997,"children":null}}}}}},"gauges":{"SpaceRL.CumulativeReward":{"count":489,"max":3.12273932,"min":-32.9688034,"runningAverage":-26.1567745,"value":-28.647646,"weightedAverage":-26.8056889}},"metadata":{"timer_format_version":"0.1.0","start_time_seconds":"1609230819","unity_version":"2019.4.10f1","command_line_arguments":"C:\\Program Files\\2019.4.10f1\\Editor\\Unity.exe -projectpath D:\/00Workspace\/00Unity\/RDW Project (1) -useHub -hubIPC -cloudEnvironment production -hubSessionId d78132b0-4997-11eb-b8bf-8d018cbabf9c -accessToken j6jrEOiV4VEjD7j0oEMJePyL7KKpMOf4EXxAXYxL3W800df","communication_protocol_version":"1.2.0","com.unity.ml-agents_version":"1.6.0-preview","scene_name":"RedirectedSpaceSimulation","end_time_seconds":"1609234802"}}